<?xml version="1.0" encoding="UTF-8"?>
<ui version="4.0">
 <class>MainWindow</class>
 <widget class="QMainWindow" name="MainWindow">
  <property name="geometry">
   <rect>
    <x>0</x>
    <y>0</y>
    <width>1535</width>
    <height>858</height>
   </rect>
  </property>
  <property name="windowTitle">
   <string>Apache 1.0</string>
  </property>
  <property name="autoFillBackground">
   <bool>false</bool>
  </property>
  <widget class="QWidget" name="centralwidget">
   <layout class="QGridLayout" name="gridLayout_10">
    <item row="0" column="0">
     <widget class="QTabWidget" name="tabWidget">
      <property name="enabled">
       <bool>true</bool>
      </property>
      <property name="currentIndex">
       <number>1</number>
      </property>
      <property name="documentMode">
       <bool>false</bool>
      </property>
      <property name="movable">
       <bool>false</bool>
      </property>
      <property name="tabBarAutoHide">
       <bool>true</bool>
      </property>
      <widget class="QWidget" name="tab">
       <attribute name="title">
        <string>Editor</string>
       </attribute>
       <layout class="QGridLayout" name="gridLayout_2">
        <item row="0" column="0">
         <widget class="QPlainTextEdit" name="editor_code"/>
        </item>
       </layout>
      </widget>
      <widget class="QWidget" name="tab_2">
       <attribute name="title">
        <string>Simulator</string>
       </attribute>
       <layout class="QGridLayout" name="gridLayout_9">
        <item row="0" column="0">
         <widget class="QLabel" name="label">
          <property name="text">
           <string>&lt;html&gt;&lt;head/&gt;&lt;body&gt;&lt;p align=&quot;center&quot;&gt;&lt;span style=&quot; font-size:12pt;&quot;&gt;PC VALUE:&lt;/span&gt;&lt;/p&gt;&lt;/body&gt;&lt;/html&gt;</string>
          </property>
         </widget>
        </item>
        <item row="0" column="1">
         <widget class="QLineEdit" name="pc_edit">
          <property name="text">
           <string>(Current PC value)</string>
          </property>
         </widget>
        </item>
        <item row="0" column="2">
         <widget class="QPushButton" name="generate_mc">
          <property name="text">
           <string>Generate Machine Code</string>
          </property>
         </widget>
        </item>
        <item row="0" column="3">
         <widget class="QPushButton" name="run">
          <property name="text">
           <string>Run</string>
          </property>
         </widget>
        </item>
        <item row="0" column="4">
         <widget class="QPushButton" name="step">
          <property name="text">
           <string>Step</string>
          </property>
         </widget>
        </item>
        <item row="0" column="5">
         <widget class="QPushButton" name="previous">
          <property name="text">
           <string>Previous</string>
          </property>
         </widget>
        </item>
        <item row="0" column="6">
         <widget class="QPushButton" name="reset">
          <property name="text">
           <string>Reset</string>
          </property>
         </widget>
        </item>
        <item row="0" column="7">
         <widget class="QPushButton" name="breakpt">
          <property name="text">
           <string>Breakpoint</string>
          </property>
         </widget>
        </item>
        <item row="0" column="8">
         <widget class="QPushButton" name="stop">
          <property name="text">
           <string>Stop</string>
          </property>
         </widget>
        </item>
        <item row="0" column="9" rowspan="2">
         <widget class="QTabWidget" name="tabWidget_2">
          <property name="currentIndex">
           <number>1</number>
          </property>
          <property name="usesScrollButtons">
           <bool>true</bool>
          </property>
          <widget class="QWidget" name="tab_3">
           <attribute name="title">
            <string>REGISTERS</string>
           </attribute>
           <layout class="QGridLayout" name="gridLayout_4">
            <item row="0" column="0">
             <widget class="QScrollArea" name="scrollArea">
              <property name="sizeAdjustPolicy">
               <enum>QAbstractScrollArea::AdjustToContents</enum>
              </property>
              <property name="widgetResizable">
               <bool>true</bool>
              </property>
              <widget class="QWidget" name="scrollAreaWidgetContents">
               <property name="geometry">
                <rect>
                 <x>0</x>
                 <y>0</y>
                 <width>261</width>
                 <height>1007</height>
                </rect>
               </property>
               <layout class="QGridLayout" name="gridLayout_5">
                <item row="2" column="0">
                 <widget class="QLabel" name="label_3">
                  <property name="text">
                   <string>&lt;html&gt;&lt;head/&gt;&lt;body&gt;&lt;p align=&quot;center&quot;&gt;&lt;span style=&quot; font-size:12pt;&quot;&gt;sp(x2)&lt;/span&gt;&lt;/p&gt;&lt;/body&gt;&lt;/html&gt;</string>
                  </property>
                 </widget>
                </item>
                <item row="0" column="0">
                 <widget class="QLabel" name="label_2">
                  <property name="text">
                   <string>&lt;html&gt;&lt;head/&gt;&lt;body&gt;&lt;p align=&quot;center&quot;&gt;&lt;span style=&quot; font-size:12pt;&quot;&gt;zero&lt;/span&gt;&lt;/p&gt;&lt;/body&gt;&lt;/html&gt;</string>
                  </property>
                  <property name="textFormat">
                   <enum>Qt::AutoText</enum>
                  </property>
                 </widget>
                </item>
                <item row="0" column="1">
                 <widget class="QLineEdit" name="x0"/>
                </item>
                <item row="1" column="0">
                 <widget class="QLabel" name="label_21">
                  <property name="text">
                   <string>&lt;html&gt;&lt;head/&gt;&lt;body&gt;&lt;p align=&quot;center&quot;&gt;&lt;span style=&quot; font-size:12pt;&quot;&gt;ra(x1)&lt;/span&gt;&lt;/p&gt;&lt;/body&gt;&lt;/html&gt;</string>
                  </property>
                 </widget>
                </item>
                <item row="1" column="1">
                 <widget class="QLineEdit" name="x1"/>
                </item>
                <item row="9" column="1">
                 <widget class="QLineEdit" name="x9"/>
                </item>
                <item row="10" column="0">
                 <widget class="QLabel" name="label_23">
                  <property name="text">
                   <string>&lt;html&gt;&lt;head/&gt;&lt;body&gt;&lt;p align=&quot;center&quot;&gt;&lt;span style=&quot; font-size:12pt;&quot;&gt;a0(x10)&lt;/span&gt;&lt;/p&gt;&lt;/body&gt;&lt;/html&gt;</string>
                  </property>
                 </widget>
                </item>
                <item row="10" column="1">
                 <widget class="QLineEdit" name="x10"/>
                </item>
                <item row="4" column="1">
                 <widget class="QLineEdit" name="x4"/>
                </item>
                <item row="7" column="0">
                 <widget class="QLabel" name="label_5">
                  <property name="text">
                   <string>&lt;html&gt;&lt;head/&gt;&lt;body&gt;&lt;p align=&quot;center&quot;&gt;&lt;span style=&quot; font-size:12pt;&quot;&gt;t2(x7)&lt;/span&gt;&lt;/p&gt;&lt;/body&gt;&lt;/html&gt;</string>
                  </property>
                 </widget>
                </item>
                <item row="4" column="0">
                 <widget class="QLabel" name="label_20">
                  <property name="text">
                   <string>&lt;html&gt;&lt;head/&gt;&lt;body&gt;&lt;p align=&quot;center&quot;&gt;&lt;span style=&quot; font-size:12pt;&quot;&gt;tp(x4)&lt;/span&gt;&lt;/p&gt;&lt;/body&gt;&lt;/html&gt;</string>
                  </property>
                 </widget>
                </item>
                <item row="6" column="1">
                 <widget class="QLineEdit" name="x6"/>
                </item>
                <item row="6" column="0">
                 <widget class="QLabel" name="label_26">
                  <property name="text">
                   <string>&lt;html&gt;&lt;head/&gt;&lt;body&gt;&lt;p align=&quot;center&quot;&gt;&lt;span style=&quot; font-size:12pt;&quot;&gt;t1(x6)&lt;/span&gt;&lt;/p&gt;&lt;/body&gt;&lt;/html&gt;</string>
                  </property>
                 </widget>
                </item>
                <item row="2" column="1">
                 <widget class="QLineEdit" name="x2"/>
                </item>
                <item row="5" column="1">
                 <widget class="QLineEdit" name="x5"/>
                </item>
                <item row="3" column="0">
                 <widget class="QLabel" name="label_27">
                  <property name="text">
                   <string>&lt;html&gt;&lt;head/&gt;&lt;body&gt;&lt;p align=&quot;center&quot;&gt;&lt;span style=&quot; font-size:12pt;&quot;&gt;gp(x3)&lt;/span&gt;&lt;/p&gt;&lt;/body&gt;&lt;/html&gt;</string>
                  </property>
                 </widget>
                </item>
                <item row="3" column="1">
                 <widget class="QLineEdit" name="x3"/>
                </item>
                <item row="5" column="0">
                 <widget class="QLabel" name="label_4">
                  <property name="text">
                   <string>&lt;html&gt;&lt;head/&gt;&lt;body&gt;&lt;p align=&quot;center&quot;&gt;&lt;span style=&quot; font-size:12pt;&quot;&gt;t0(x5)&lt;/span&gt;&lt;/p&gt;&lt;/body&gt;&lt;/html&gt;</string>
                  </property>
                 </widget>
                </item>
                <item row="7" column="1">
                 <widget class="QLineEdit" name="x7">
                  <property name="text">
                   <string/>
                  </property>
                 </widget>
                </item>
                <item row="8" column="0">
                 <widget class="QLabel" name="label_7">
                  <property name="text">
                   <string>&lt;html&gt;&lt;head/&gt;&lt;body&gt;&lt;p align=&quot;center&quot;&gt;&lt;span style=&quot; font-size:12pt;&quot;&gt;s0(x8)&lt;/span&gt;&lt;/p&gt;&lt;/body&gt;&lt;/html&gt;</string>
                  </property>
                 </widget>
                </item>
                <item row="8" column="1">
                 <widget class="QLineEdit" name="x8"/>
                </item>
                <item row="9" column="0">
                 <widget class="QLabel" name="label_6">
                  <property name="text">
                   <string>&lt;html&gt;&lt;head/&gt;&lt;body&gt;&lt;p align=&quot;center&quot;&gt;&lt;span style=&quot; font-size:12pt;&quot;&gt;s1(x9)&lt;/span&gt;&lt;/p&gt;&lt;/body&gt;&lt;/html&gt;</string>
                  </property>
                 </widget>
                </item>
                <item row="11" column="0">
                 <widget class="QLabel" name="label_8">
                  <property name="text">
                   <string>&lt;html&gt;&lt;head/&gt;&lt;body&gt;&lt;p align=&quot;center&quot;&gt;&lt;span style=&quot; font-size:12pt;&quot;&gt;a1(x11)&lt;/span&gt;&lt;/p&gt;&lt;/body&gt;&lt;/html&gt;</string>
                  </property>
                 </widget>
                </item>
                <item row="11" column="1">
                 <widget class="QLineEdit" name="x11"/>
                </item>
                <item row="12" column="1">
                 <widget class="QLineEdit" name="x12"/>
                </item>
                <item row="13" column="0">
                 <widget class="QLabel" name="label_10">
                  <property name="text">
                   <string>&lt;html&gt;&lt;head/&gt;&lt;body&gt;&lt;p align=&quot;center&quot;&gt;&lt;span style=&quot; font-size:12pt;&quot;&gt;a3(x13)&lt;/span&gt;&lt;/p&gt;&lt;/body&gt;&lt;/html&gt;</string>
                  </property>
                 </widget>
                </item>
                <item row="13" column="1">
                 <widget class="QLineEdit" name="x13"/>
                </item>
                <item row="12" column="0">
                 <widget class="QLabel" name="label_22">
                  <property name="text">
                   <string>&lt;html&gt;&lt;head/&gt;&lt;body&gt;&lt;p align=&quot;center&quot;&gt;&lt;span style=&quot; font-size:12pt;&quot;&gt;a2(x12)&lt;/span&gt;&lt;/p&gt;&lt;/body&gt;&lt;/html&gt;</string>
                  </property>
                 </widget>
                </item>
                <item row="14" column="0">
                 <widget class="QLabel" name="label_28">
                  <property name="text">
                   <string>&lt;html&gt;&lt;head/&gt;&lt;body&gt;&lt;p align=&quot;center&quot;&gt;&lt;span style=&quot; font-size:12pt;&quot;&gt;a4(x14)&lt;/span&gt;&lt;/p&gt;&lt;/body&gt;&lt;/html&gt;</string>
                  </property>
                 </widget>
                </item>
                <item row="22" column="0">
                 <widget class="QLabel" name="label_17">
                  <property name="text">
                   <string>&lt;html&gt;&lt;head/&gt;&lt;body&gt;&lt;p align=&quot;center&quot;&gt;&lt;span style=&quot; font-size:12pt;&quot;&gt;s6(x22)&lt;/span&gt;&lt;/p&gt;&lt;/body&gt;&lt;/html&gt;</string>
                  </property>
                 </widget>
                </item>
                <item row="17" column="1">
                 <widget class="QLineEdit" name="x17"/>
                </item>
                <item row="22" column="1">
                 <widget class="QLineEdit" name="x22"/>
                </item>
                <item row="23" column="0">
                 <widget class="QLabel" name="label_18">
                  <property name="text">
                   <string>&lt;html&gt;&lt;head/&gt;&lt;body&gt;&lt;p align=&quot;center&quot;&gt;&lt;span style=&quot; font-size:12pt;&quot;&gt;s7(x23)&lt;/span&gt;&lt;/p&gt;&lt;/body&gt;&lt;/html&gt;</string>
                  </property>
                 </widget>
                </item>
                <item row="24" column="1">
                 <widget class="QLineEdit" name="x24"/>
                </item>
                <item row="25" column="0">
                 <widget class="QLabel" name="label_24">
                  <property name="text">
                   <string>&lt;html&gt;&lt;head/&gt;&lt;body&gt;&lt;p align=&quot;center&quot;&gt;&lt;span style=&quot; font-size:12pt;&quot;&gt;s9(x25)&lt;/span&gt;&lt;/p&gt;&lt;/body&gt;&lt;/html&gt;</string>
                  </property>
                 </widget>
                </item>
                <item row="25" column="1">
                 <widget class="QLineEdit" name="x25"/>
                </item>
                <item row="15" column="1">
                 <widget class="QLineEdit" name="x15"/>
                </item>
                <item row="24" column="0">
                 <widget class="QLabel" name="label_19">
                  <property name="text">
                   <string>&lt;html&gt;&lt;head/&gt;&lt;body&gt;&lt;p align=&quot;center&quot;&gt;&lt;span style=&quot; font-size:12pt;&quot;&gt;s8(x24)&lt;/span&gt;&lt;/p&gt;&lt;/body&gt;&lt;/html&gt;</string>
                  </property>
                 </widget>
                </item>
                <item row="18" column="0">
                 <widget class="QLabel" name="label_13">
                  <property name="text">
                   <string>&lt;html&gt;&lt;head/&gt;&lt;body&gt;&lt;p align=&quot;center&quot;&gt;&lt;span style=&quot; font-size:12pt;&quot;&gt;s2(x18)&lt;/span&gt;&lt;/p&gt;&lt;/body&gt;&lt;/html&gt;</string>
                  </property>
                 </widget>
                </item>
                <item row="23" column="1">
                 <widget class="QLineEdit" name="x23"/>
                </item>
                <item row="26" column="0">
                 <widget class="QLabel" name="label_25">
                  <property name="text">
                   <string>&lt;html&gt;&lt;head/&gt;&lt;body&gt;&lt;p&gt;&lt;span style=&quot; font-size:12pt;&quot;&gt;s10(x26)&lt;/span&gt;&lt;/p&gt;&lt;/body&gt;&lt;/html&gt;</string>
                  </property>
                 </widget>
                </item>
                <item row="18" column="1">
                 <widget class="QLineEdit" name="x18"/>
                </item>
                <item row="20" column="1">
                 <widget class="QLineEdit" name="x20"/>
                </item>
                <item row="19" column="1">
                 <widget class="QLineEdit" name="x19"/>
                </item>
                <item row="26" column="1">
                 <widget class="QLineEdit" name="x26"/>
                </item>
                <item row="17" column="0">
                 <widget class="QLabel" name="label_32">
                  <property name="text">
                   <string>&lt;html&gt;&lt;head/&gt;&lt;body&gt;&lt;p align=&quot;center&quot;&gt;&lt;span style=&quot; font-size:12pt;&quot;&gt;a7(x17)&lt;/span&gt;&lt;/p&gt;&lt;/body&gt;&lt;/html&gt;</string>
                  </property>
                 </widget>
                </item>
                <item row="15" column="0">
                 <widget class="QLabel" name="label_11">
                  <property name="text">
                   <string>&lt;html&gt;&lt;head/&gt;&lt;body&gt;&lt;p align=&quot;center&quot;&gt;&lt;span style=&quot; font-size:12pt;&quot;&gt;a5(x15)&lt;/span&gt;&lt;/p&gt;&lt;/body&gt;&lt;/html&gt;</string>
                  </property>
                 </widget>
                </item>
                <item row="16" column="0">
                 <widget class="QLabel" name="label_12">
                  <property name="text">
                   <string>&lt;html&gt;&lt;head/&gt;&lt;body&gt;&lt;p align=&quot;center&quot;&gt;&lt;span style=&quot; font-size:12pt;&quot;&gt;a6(x16)&lt;/span&gt;&lt;/p&gt;&lt;/body&gt;&lt;/html&gt;</string>
                  </property>
                 </widget>
                </item>
                <item row="16" column="1">
                 <widget class="QLineEdit" name="x16"/>
                </item>
                <item row="14" column="1">
                 <widget class="QLineEdit" name="x14"/>
                </item>
                <item row="20" column="0">
                 <widget class="QLabel" name="label_15">
                  <property name="text">
                   <string>&lt;html&gt;&lt;head/&gt;&lt;body&gt;&lt;p align=&quot;center&quot;&gt;&lt;span style=&quot; font-size:12pt;&quot;&gt;s4(x20)&lt;/span&gt;&lt;/p&gt;&lt;/body&gt;&lt;/html&gt;</string>
                  </property>
                 </widget>
                </item>
                <item row="21" column="0">
                 <widget class="QLabel" name="label_16">
                  <property name="text">
                   <string>&lt;html&gt;&lt;head/&gt;&lt;body&gt;&lt;p align=&quot;center&quot;&gt;&lt;span style=&quot; font-size:12pt;&quot;&gt;s5(x21)&lt;/span&gt;&lt;/p&gt;&lt;/body&gt;&lt;/html&gt;</string>
                  </property>
                 </widget>
                </item>
                <item row="21" column="1">
                 <widget class="QLineEdit" name="x21"/>
                </item>
                <item row="19" column="0">
                 <widget class="QLabel" name="label_14">
                  <property name="text">
                   <string>&lt;html&gt;&lt;head/&gt;&lt;body&gt;&lt;p align=&quot;center&quot;&gt;&lt;span style=&quot; font-size:12pt;&quot;&gt;s3(x19)&lt;/span&gt;&lt;/p&gt;&lt;/body&gt;&lt;/html&gt;</string>
                  </property>
                 </widget>
                </item>
                <item row="30" column="0">
                 <widget class="QLabel" name="label_33">
                  <property name="text">
                   <string>&lt;html&gt;&lt;head/&gt;&lt;body&gt;&lt;p align=&quot;center&quot;&gt;&lt;span style=&quot; font-size:12pt;&quot;&gt;t5(x30)&lt;/span&gt;&lt;/p&gt;&lt;/body&gt;&lt;/html&gt;</string>
                  </property>
                 </widget>
                </item>
                <item row="28" column="0">
                 <widget class="QLabel" name="label_30">
                  <property name="text">
                   <string>&lt;html&gt;&lt;head/&gt;&lt;body&gt;&lt;p align=&quot;center&quot;&gt;&lt;span style=&quot; font-size:12pt;&quot;&gt;t3(x28)&lt;/span&gt;&lt;/p&gt;&lt;/body&gt;&lt;/html&gt;</string>
                  </property>
                 </widget>
                </item>
                <item row="31" column="0">
                 <widget class="QLabel" name="label_34">
                  <property name="text">
                   <string>&lt;html&gt;&lt;head/&gt;&lt;body&gt;&lt;p align=&quot;center&quot;&gt;&lt;span style=&quot; font-size:12pt;&quot;&gt;t6(x31)&lt;/span&gt;&lt;/p&gt;&lt;/body&gt;&lt;/html&gt;</string>
                  </property>
                 </widget>
                </item>
                <item row="30" column="1">
                 <widget class="QLineEdit" name="x30"/>
                </item>
                <item row="29" column="1">
                 <widget class="QLineEdit" name="x29"/>
                </item>
                <item row="28" column="1">
                 <widget class="QLineEdit" name="x28"/>
                </item>
                <item row="27" column="0">
                 <widget class="QLabel" name="label_29">
                  <property name="text">
                   <string>&lt;html&gt;&lt;head/&gt;&lt;body&gt;&lt;p&gt;&lt;span style=&quot; font-size:12pt;&quot;&gt;s11(x27)&lt;/span&gt;&lt;/p&gt;&lt;/body&gt;&lt;/html&gt;</string>
                  </property>
                 </widget>
                </item>
                <item row="27" column="1">
                 <widget class="QLineEdit" name="x27"/>
                </item>
                <item row="29" column="0">
                 <widget class="QLabel" name="label_31">
                  <property name="text">
                   <string>&lt;html&gt;&lt;head/&gt;&lt;body&gt;&lt;p align=&quot;center&quot;&gt;&lt;span style=&quot; font-size:12pt;&quot;&gt;t4(x29)&lt;/span&gt;&lt;/p&gt;&lt;/body&gt;&lt;/html&gt;</string>
                  </property>
                 </widget>
                </item>
                <item row="31" column="1">
                 <widget class="QLineEdit" name="x31"/>
                </item>
               </layout>
              </widget>
             </widget>
            </item>
           </layout>
          </widget>
          <widget class="QWidget" name="tab_4">
           <attribute name="title">
            <string>MEMORY</string>
           </attribute>
           <layout class="QGridLayout" name="gridLayout_7">
            <item row="0" column="1">
             <widget class="QScrollArea" name="scrollArea_2">
              <property name="widgetResizable">
               <bool>true</bool>
              </property>
              <widget class="QWidget" name="scrollAreaWidgetContents_2">
               <property name="geometry">
                <rect>
                 <x>0</x>
                 <y>0</y>
                 <width>282</width>
                 <height>681</height>
                </rect>
               </property>
               <layout class="QGridLayout" name="gridLayout_8">
                <item row="1" column="0" colspan="6">
                 <widget class="Line" name="line">
                  <property name="orientation">
                   <enum>Qt::Horizontal</enum>
                  </property>
                 </widget>
                </item>
                <item row="0" column="5">
                 <widget class="QLabel" name="label_38">
                  <property name="text">
                   <string>&lt;html&gt;&lt;head/&gt;&lt;body&gt;&lt;p&gt;&lt;span style=&quot; font-size:10pt;&quot;&gt;+3&lt;/span&gt;&lt;/p&gt;&lt;/body&gt;&lt;/html&gt;</string>
                  </property>
                 </widget>
                </item>
                <item row="0" column="4">
                 <widget class="QLabel" name="label_37">
                  <property name="text">
                   <string>&lt;html&gt;&lt;head/&gt;&lt;body&gt;&lt;p&gt;&lt;span style=&quot; font-size:10pt;&quot;&gt;+2&lt;/span&gt;&lt;/p&gt;&lt;/body&gt;&lt;/html&gt;</string>
                  </property>
                 </widget>
                </item>
                <item row="2" column="0" colspan="6">
                 <widget class="QTextEdit" name="address_code"/>
                </item>
                <item row="0" column="0">
                 <widget class="QLabel" name="label_9">
                  <property name="text">
                   <string>&lt;html&gt;&lt;head/&gt;&lt;body&gt;&lt;p align=&quot;justify&quot;&gt;&lt;span style=&quot; font-size:10pt;&quot;&gt;Address&lt;/span&gt;&lt;/p&gt;&lt;/body&gt;&lt;/html&gt;</string>
                  </property>
                 </widget>
                </item>
                <item row="0" column="3">
                 <widget class="QLabel" name="label_36">
                  <property name="text">
                   <string>&lt;html&gt;&lt;head/&gt;&lt;body&gt;&lt;p&gt;&lt;span style=&quot; font-size:10pt;&quot;&gt;+1&lt;/span&gt;&lt;/p&gt;&lt;/body&gt;&lt;/html&gt;</string>
                  </property>
                 </widget>
                </item>
                <item row="0" column="2">
                 <widget class="QLabel" name="label_35">
                  <property name="text">
                   <string>&lt;html&gt;&lt;head/&gt;&lt;body&gt;&lt;p&gt;&lt;span style=&quot; font-size:10pt;&quot;&gt;+0&lt;/span&gt;&lt;/p&gt;&lt;/body&gt;&lt;/html&gt;</string>
                  </property>
                 </widget>
                </item>
               </layout>
              </widget>
             </widget>
            </item>
           </layout>
          </widget>
         </widget>
        </item>
        <item row="1" column="0" colspan="2">
         <widget class="QTabWidget" name="tabWidget_3">
          <property name="currentIndex">
           <number>0</number>
          </property>
          <widget class="QWidget" name="tab_5">
           <attribute name="title">
            <string>Basic Code</string>
           </attribute>
           <layout class="QGridLayout" name="gridLayout">
            <item row="0" column="0">
             <widget class="QPlainTextEdit" name="basic_code"/>
            </item>
           </layout>
          </widget>
         </widget>
        </item>
        <item row="1" column="6" colspan="3">
         <widget class="QTabWidget" name="tabWidget_5">
          <property name="currentIndex">
           <number>0</number>
          </property>
          <widget class="QWidget" name="tab_7">
           <attribute name="title">
            <string>Console</string>
           </attribute>
           <layout class="QGridLayout" name="gridLayout_6">
            <item row="0" column="0">
             <widget class="QPlainTextEdit" name="console"/>
            </item>
           </layout>
          </widget>
         </widget>
        </item>
        <item row="1" column="2" colspan="4">
         <widget class="QTabWidget" name="tabWidget_4">
          <property name="currentIndex">
           <number>0</number>
          </property>
          <widget class="QWidget" name="tab_6">
           <attribute name="title">
            <string>Machine Code</string>
           </attribute>
           <layout class="QGridLayout" name="gridLayout_3">
            <item row="0" column="0">
             <widget class="QTextEdit" name="machine_code"/>
            </item>
           </layout>
          </widget>
         </widget>
        </item>
       </layout>
      </widget>
     </widget>
    </item>
   </layout>
  </widget>
  <widget class="QMenuBar" name="menubar">
   <property name="geometry">
    <rect>
     <x>0</x>
     <y>0</y>
     <width>1535</width>
     <height>26</height>
    </rect>
   </property>
   <widget class="QMenu" name="menu_File">
    <property name="title">
     <string>&amp;File</string>
    </property>
    <addaction name="action_New_Project"/>
    <addaction name="action_Close_Project"/>
    <addaction name="action_Save_Project_2"/>
   </widget>
   <widget class="QMenu" name="menu_Edit">
    <property name="title">
     <string>&amp;Edit</string>
    </property>
    <addaction name="action_Undo"/>
    <addaction name="action_Redo"/>
    <addaction name="action_Cut"/>
    <addaction name="action_Copy"/>
    <addaction name="action_Paste"/>
    <addaction name="action_Select_All"/>
   </widget>
   <addaction name="menu_File"/>
   <addaction name="menu_Edit"/>
  </widget>
  <widget class="QStatusBar" name="statusbar"/>
  <action name="action_New_Project">
   <property name="text">
    <string>&amp;New Project</string>
   </property>
   <property name="shortcut">
    <string>Ctrl+N</string>
   </property>
  </action>
  <action name="action_Open_Project">
   <property name="text">
    <string>&amp;Open Project</string>
   </property>
  </action>
  <action name="action_Save_Project">
   <property name="text">
    <string>&amp;Save Project</string>
   </property>
   <property name="shortcut">
    <string>Ctrl+S</string>
   </property>
  </action>
  <action name="action_Close_Project">
   <property name="text">
    <string>&amp;Close Project</string>
   </property>
  </action>
  <action name="action_Undo">
   <property name="text">
    <string>&amp;Undo</string>
   </property>
   <property name="shortcut">
    <string>Ctrl+Z</string>
   </property>
  </action>
  <action name="action_Redo">
   <property name="text">
    <string>&amp;Redo</string>
   </property>
   <property name="shortcut">
    <string>Ctrl+Shift+Z</string>
   </property>
  </action>
  <action name="action_Cut">
   <property name="text">
    <string>&amp;Cut</string>
   </property>
   <property name="shortcut">
    <string>Ctrl+X</string>
   </property>
  </action>
  <action name="action_Copy">
   <property name="text">
    <string>&amp;Copy</string>
   </property>
   <property name="shortcut">
    <string>Ctrl+C</string>
   </property>
  </action>
  <action name="action_Paste">
   <property name="text">
    <string>&amp;Paste</string>
   </property>
   <property name="shortcut">
    <string>Ctrl+V</string>
   </property>
  </action>
  <action name="action_Select_All">
   <property name="text">
    <string>&amp;Select All</string>
   </property>
   <property name="shortcut">
    <string>Ctrl+A</string>
   </property>
  </action>
  <action name="action_Save_Project_2">
   <property name="text">
    <string>&amp;Save Project</string>
   </property>
  </action>
 </widget>
 <resources/>
 <connections>
  <connection>
   <sender>action_Close_Project</sender>
   <signal>triggered()</signal>
   <receiver>MainWindow</receiver>
   <slot>close()</slot>
   <hints>
    <hint type="sourcelabel">
     <x>-1</x>
     <y>-1</y>
    </hint>
    <hint type="destinationlabel">
     <x>422</x>
     <y>324</y>
    </hint>
   </hints>
  </connection>
  <connection>
   <sender>action_Select_All</sender>
   <signal>triggered()</signal>
   <receiver>editor_code</receiver>
   <slot>selectAll()</slot>
   <hints>
    <hint type="sourcelabel">
     <x>-1</x>
     <y>-1</y>
    </hint>
    <hint type="destinationlabel">
     <x>421</x>
     <y>335</y>
    </hint>
   </hints>
  </connection>
  <connection>
   <sender>action_Paste</sender>
   <signal>triggered()</signal>
   <receiver>editor_code</receiver>
   <slot>paste()</slot>
   <hints>
    <hint type="sourcelabel">
     <x>-1</x>
     <y>-1</y>
    </hint>
    <hint type="destinationlabel">
     <x>421</x>
     <y>335</y>
    </hint>
   </hints>
  </connection>
  <connection>
   <sender>action_Undo</sender>
   <signal>triggered()</signal>
   <receiver>basic_code</receiver>
   <slot>undo()</slot>
   <hints>
    <hint type="sourcelabel">
     <x>-1</x>
     <y>-1</y>
    </hint>
    <hint type="destinationlabel">
     <x>421</x>
     <y>335</y>
    </hint>
   </hints>
  </connection>
  <connection>
   <sender>action_Cut</sender>
   <signal>triggered()</signal>
   <receiver>basic_code</receiver>
   <slot>cut()</slot>
   <hints>
    <hint type="sourcelabel">
     <x>-1</x>
     <y>-1</y>
    </hint>
    <hint type="destinationlabel">
     <x>421</x>
     <y>335</y>
    </hint>
   </hints>
  </connection>
  <connection>
   <sender>action_Redo</sender>
   <signal>triggered()</signal>
   <receiver>basic_code</receiver>
   <slot>redo()</slot>
   <hints>
    <hint type="sourcelabel">
     <x>-1</x>
     <y>-1</y>
    </hint>
    <hint type="destinationlabel">
     <x>421</x>
     <y>335</y>
    </hint>
   </hints>
  </connection>
  <connection>
   <sender>action_Paste</sender>
   <signal>triggered()</signal>
   <receiver>basic_code</receiver>
   <slot>paste()</slot>
   <hints>
    <hint type="sourcelabel">
     <x>-1</x>
     <y>-1</y>
    </hint>
    <hint type="destinationlabel">
     <x>421</x>
     <y>335</y>
    </hint>
   </hints>
  </connection>
  <connection>
   <sender>action_Select_All</sender>
   <signal>triggered()</signal>
   <receiver>basic_code</receiver>
   <slot>selectAll()</slot>
   <hints>
    <hint type="sourcelabel">
     <x>-1</x>
     <y>-1</y>
    </hint>
    <hint type="destinationlabel">
     <x>421</x>
     <y>335</y>
    </hint>
   </hints>
  </connection>
  <connection>
   <sender>action_Copy</sender>
   <signal>triggered()</signal>
   <receiver>basic_code</receiver>
   <slot>copy()</slot>
   <hints>
    <hint type="sourcelabel">
     <x>-1</x>
     <y>-1</y>
    </hint>
    <hint type="destinationlabel">
     <x>421</x>
     <y>335</y>
    </hint>
   </hints>
  </connection>
  <connection>
   <sender>action_Copy</sender>
   <signal>triggered()</signal>
   <receiver>editor_code</receiver>
   <slot>copy()</slot>
   <hints>
    <hint type="sourcelabel">
     <x>-1</x>
     <y>-1</y>
    </hint>
    <hint type="destinationlabel">
     <x>421</x>
     <y>335</y>
    </hint>
   </hints>
  </connection>
  <connection>
   <sender>action_Undo</sender>
   <signal>triggered()</signal>
   <receiver>editor_code</receiver>
   <slot>undo()</slot>
   <hints>
    <hint type="sourcelabel">
     <x>-1</x>
     <y>-1</y>
    </hint>
    <hint type="destinationlabel">
     <x>421</x>
     <y>335</y>
    </hint>
   </hints>
  </connection>
  <connection>
   <sender>action_Redo</sender>
   <signal>triggered()</signal>
   <receiver>editor_code</receiver>
   <slot>redo()</slot>
   <hints>
    <hint type="sourcelabel">
     <x>-1</x>
     <y>-1</y>
    </hint>
    <hint type="destinationlabel">
     <x>421</x>
     <y>335</y>
    </hint>
   </hints>
  </connection>
  <connection>
   <sender>action_Cut</sender>
   <signal>triggered()</signal>
   <receiver>editor_code</receiver>
   <slot>cut()</slot>
   <hints>
    <hint type="sourcelabel">
     <x>-1</x>
     <y>-1</y>
    </hint>
    <hint type="destinationlabel">
     <x>421</x>
     <y>335</y>
    </hint>
   </hints>
  </connection>
 </connections>
</ui>
